"AccessionA","AccessionB","SharedPatients","Basis","Evidence"
"GSE37642_GPL96","GSE37642_GPL97",422,"title","identical sample titles (`title` column) in data/pheno/GSE37642-GPL96.rds + data/pheno/GSE37642-GPL97.rds (pipeline/R/26_cohort_overlap.R title rule)"
"GSE9782_GPL96","GSE9782_GPL97",264,"title","identical sample titles (`title` column) in data/pheno/GSE9782-GPL96.rds + data/pheno/GSE9782-GPL97.rds (pipeline/R/26_cohort_overlap.R title rule)"
"GSE4922_GPL96","GSE4922_GPL97",249,"platform-pair","same GEO series GSE4922 on two platforms: one study split by platform, patient ids match, titles differ only by platform/label suffix (pipeline/R/26_cohort_overlap.R `base_of` rule)"
"GSE6532_GPL96","GSE6532_GPL97",241,"platform-pair","same GEO series GSE6532 on two platforms: one study split by platform, patient ids match, titles differ only by platform/label suffix (pipeline/R/26_cohort_overlap.R `base_of` rule)"
"GSE2990","GSE6532_GPL96",189,"title","identical sample titles (`title` column) in data/pheno/GSE2990.rds + data/pheno/GSE6532-GPL96.rds (pipeline/R/26_cohort_overlap.R title rule)"
"GSE3494_GPL96","GSE3494_GPL97",179,"title","identical sample titles (`title` column) in data/pheno/GSE3494-GPL96.rds + data/pheno/GSE3494-GPL97.rds (pipeline/R/26_cohort_overlap.R title rule)"
"GSE17536","GSE17538_GPL570",177,"title","identical sample titles (`title` column) in data/pheno/GSE17536.rds + data/pheno/GSE17538-GPL570.rds (pipeline/R/26_cohort_overlap.R title rule)"
"GSE12417_GPL96","GSE12417_GPL97",163,"platform-pair","same GEO series GSE12417 on two platforms: one study split by platform, patient ids match, titles differ only by platform/label suffix (pipeline/R/26_cohort_overlap.R `base_of` rule)"
"GSE1456_GPL96","GSE1456_GPL97",159,"platform-pair","same GEO series GSE1456 on two platforms: one study split by platform, patient ids match, titles differ only by platform/label suffix (pipeline/R/26_cohort_overlap.R `base_of` rule)"
"GSE21034_GPL10264","GSE21034_GPL5188",140,"platform-pair","same GEO series GSE21034 on two platforms: one study split by platform, patient ids match, titles differ only by platform/label suffix (pipeline/R/26_cohort_overlap.R `base_of` rule)"
"GSE37642_GPL570","GSE37642_GPL96",136,"platform-pair","same GEO series GSE37642 on two platforms: one study split by platform, patient ids match, titles differ only by platform/label suffix (pipeline/R/26_cohort_overlap.R `base_of` rule)"
"GSE37642_GPL570","GSE37642_GPL97",136,"platform-pair","same GEO series GSE37642 on two platforms: one study split by platform, patient ids match, titles differ only by platform/label suffix (pipeline/R/26_cohort_overlap.R `base_of` rule)"
"GSE10885_GPL1390","GSE20624_GPL1390",91,"title","identical sample titles (`title` column) in data/pheno/GSE10885-GPL1390.rds + data/pheno/GSE20624-GPL1390.rds (pipeline/R/26_cohort_overlap.R title rule)"
"GSE11969","GSE13213",87,"title","identical sample titles (`title` column) in data/pheno/GSE11969.rds + data/pheno/GSE13213.rds (pipeline/R/26_cohort_overlap.R title rule)"
"GSE6532_GPL570","GSE6532_GPL96",87,"platform-pair","same GEO series GSE6532 on two platforms: one study split by platform, patient ids match, titles differ only by platform/label suffix (pipeline/R/26_cohort_overlap.R `base_of` rule)"
"GSE6532_GPL570","GSE6532_GPL97",87,"platform-pair","same GEO series GSE6532 on two platforms: one study split by platform, patient ids match, titles differ only by platform/label suffix (pipeline/R/26_cohort_overlap.R `base_of` rule)"
"GSE4412_GPL96","GSE4412_GPL97",85,"platform-pair","same GEO series GSE4412 on two platforms: one study split by platform, patient ids match, titles differ only by platform/label suffix (pipeline/R/26_cohort_overlap.R `base_of` rule)"
"GSE12417_GPL96","GSE12417_GPL570",79,"platform-pair","same GEO series GSE12417 on two platforms: one study split by platform, patient ids match, titles differ only by platform/label suffix (pipeline/R/26_cohort_overlap.R `base_of` rule)"
"GSE12417_GPL97","GSE12417_GPL570",79,"platform-pair","same GEO series GSE12417 on two platforms: one study split by platform, patient ids match, titles differ only by platform/label suffix (pipeline/R/26_cohort_overlap.R `base_of` rule)"
"GSE1379","GSE1378",60,"GEO-seed","pipeline/ref/cohort_overlap_seed.csv (verified GEO-side pair): same breast tissue-bank series deposited twice (GEO Sample_title identical)"
"GSE17537","GSE17538_GPL570",55,"title","identical sample titles (`title` column) in data/pheno/GSE17537.rds + data/pheno/GSE17538-GPL570.rds (pipeline/R/26_cohort_overlap.R title rule)"
"GSE10885_GPL1390","GSE10885_GPL887",52,"platform-pair","same GEO series GSE10885 on two platforms: one study split by platform, patient ids match, titles differ only by platform/label suffix (pipeline/R/26_cohort_overlap.R `base_of` rule)"
"GSE4716_GPL3694","GSE4716_GPL3696",50,"platform-pair","same GEO series GSE4716 on two platforms: one study split by platform, patient ids match, titles differ only by platform/label suffix (pipeline/R/26_cohort_overlap.R `base_of` rule)"
"GSE20624_GPL1390","GSE35629-GPL1390",48,"GEO-seed","pipeline/ref/cohort_overlap_seed.csv (verified GEO-side pair): same breast tissue-bank series deposited twice (GEO Sample_title identical)"
"GSE10885_GPL1390","GSE35629-GPL1390",31,"GEO-seed","pipeline/ref/cohort_overlap_seed.csv (verified GEO-side pair): same breast tissue-bank series deposited twice (GEO Sample_title identical)"
"GSE10885_GPL887","GSE20624-GPL887",30,"GEO-seed","pipeline/ref/cohort_overlap_seed.csv (verified GEO-side pair): same breast tissue-bank series deposited twice (GEO Sample_title identical)"
"GSE10885-GPL885","GSE20624-GPL885",10,"GEO-seed","pipeline/ref/cohort_overlap_seed.csv (verified GEO-side pair): same breast tissue-bank series deposited twice (GEO Sample_title identical)"
"GSE10885_GPL887","GSE35629-GPL887",3,"GEO-seed","pipeline/ref/cohort_overlap_seed.csv (verified GEO-side pair): same breast tissue-bank series deposited twice (GEO Sample_title identical)"
"GSE20624-GPL887","GSE35629-GPL887",3,"GEO-seed","pipeline/ref/cohort_overlap_seed.csv (verified GEO-side pair): same breast tissue-bank series deposited twice (GEO Sample_title identical)"
"GSE20624-GPL5325","GSE35629-GPL5325",2,"GEO-seed","pipeline/ref/cohort_overlap_seed.csv (verified GEO-side pair): same breast tissue-bank series deposited twice (GEO Sample_title identical)"
