"number","id","script","what_it_does","consolidated_file","kind"
"1","00","00_output_root.R","Shared, env-overridable output root for the pipeline (CPAS_DATA_ROOT / CPAS_OUT_ROOT); defines path helpers only","01_ingest_parse.R","numbered construction / repair step"
"2","01","01_parse_gse.R","Download and parse GEO series matrices into expression and phenotype tables","01_ingest_parse.R","numbered construction / repair step"
"3","02","02_gpl_map.R","Build the probe-to-gene platform map from the platform SOFT files","02_platform_maps.R","numbered construction / repair step"
"4","03","03_surv_table.R","Build the per-cohort survival table: endpoint columns, years, 0/1 status","03_survival_tables.R","numbered construction / repair step"
"5","04","04_qc_report.R","QC report: sample and event counts, time range, annotation coverage","08_qc_screen_and_verify.R","numbered construction / repair step"
"6","05","05_dataset_plan.R","Assemble the master cohort/dataset plan","06_catalog_and_registry.R","numbered construction / repair step"
"7","06","06_upload_db.R","Upload expression, survival and platform tables to the MySQL mirror","07_mirror_upload.R","numbered construction / repair step"
"8","07","07_standardize_clinical.R","Normalise the clinical columns (stage, T/N/M, sex, age, grade)","05_clinical_and_scale.R","numbered construction / repair step"
"9","07b","07b_split_tnm.R","Split the combined TNM column into separate T, N and M columns","05_clinical_and_scale.R","numbered construction / repair step"
"10","07c","07c_T_usage_table.R","Report which cohorts use which T column","05_clinical_and_scale.R","numbered construction / repair step"
"11","08","08_verify_normalization.R","Verify the clinical normalisation against the source tables","05_clinical_and_scale.R","numbered construction / repair step"
"12","09","09_update_db_surv.R","Re-upload the updated survival tables to the mirror","07_mirror_upload.R","numbered construction / repair step"
"13","10","10_parse_cgga.R","Parse the CGGA archive into expression, phenotype and survival tables","01_ingest_parse.R","numbered construction / repair step"
"14","11","11_endpoint_families.R","Assign the endpoint families (OS/DSS/DFS/PFS/MFS) to the cohorts","05_clinical_and_scale.R","numbered construction / repair step"
"15","12","12_gpl_map_symbol.R","Extend the platform map with gene symbols","02_platform_maps.R","numbered construction / repair step"
"16","13","13_upload_small_cohorts.R","Upload the small cohorts to the mirror","07_mirror_upload.R","numbered construction / repair step"
"17","14","14_split_gse40272_surv.R","Split the GSE40272 survival table into its two platform cohorts","03_survival_tables.R","numbered construction / repair step"
"18","15","15_split_gse40272_expr.R","Split the GSE40272 expression matrix the same way","03_survival_tables.R","numbered construction / repair step"
"19","16","16_verify_catalog_mirror.R","Read-only consistency check of the catalog against the mirror","08_qc_screen_and_verify.R","numbered construction / repair step"
"20","17","17_recod_gse86166_status.R","Recode the GSE86166 status column to 0/1","03_survival_tables.R","numbered construction / repair step"
"21","18","18_log2_transform.R","log2(x+1) transform the local expression matrices","05_clinical_and_scale.R","numbered construction / repair step"
"22","19","19_fix_catalog_N.R","Recompute the catalog sample sizes (N and n_<family>)","06_catalog_and_registry.R","numbered construction / repair step"
"23","20","20_log2_transform_db.R","Apply the same log2(x+1) transform inside the mirror","05_clinical_and_scale.R","numbered construction / repair step"
"24","21","21_reupload_log2_tables.R","Re-upload the transformed expression tables","05_clinical_and_scale.R","numbered construction / repair step"
"25","22","22_report_log2_impact.R","Report the impact of the scale change on the reported numbers","05_clinical_and_scale.R","numbered construction / repair step"
"26","23","23_fix_surv_ids_and_endpoints.R","Repair sample ids and endpoint columns in the survival tables","03_survival_tables.R","numbered construction / repair step"
"27","24","24_make_tables_writable.R","Repair read-only survival tables without touching their contents","07_mirror_upload.R","numbered construction / repair step"
"28","25","25_fix_endpoint_annotations.R","Repair the endpoint annotations in the catalog","03_survival_tables.R","numbered construction / repair step"
"29","26","26_cohort_overlap.R","Detect cohort pairs that share patients (cohort-overlap register)","06_catalog_and_registry.R","numbered construction / repair step"
"30","27","27_catalog_notes.R","Write the catalog Notes","06_catalog_and_registry.R","numbered construction / repair step"
"31","35","35_add_tcga_cohorts.R","Add the TCGA cohort batch","03_survival_tables.R","numbered construction / repair step"
"32","36","36_screen_geo_candidates.R","Screen GEO candidates for usable survival follow-up","08_qc_screen_and_verify.R","numbered construction / repair step"
"33","37","37_geo_expansion_screen.R","Screen the GEO-expansion candidates","08_qc_screen_and_verify.R","numbered construction / repair step"
"34","38","38_geo_expansion_annotation_check.R","Check platform annotation coverage for the expansion cohorts","02_platform_maps.R","numbered construction / repair step"
"35","39","39_build_gse1379_surv.R","Rebuild the GSE1379 survival table from the series-matrix free text","03_survival_tables.R","numbered construction / repair step"
"36","40","40_add_tcga_chol_dlbc.R","Add TCGA-CHOL and TCGA-DLBC from Xena against the local clinical tables","03_survival_tables.R","numbered construction / repair step"
"37","41","41_register_final3_rows.R","Register the three new catalog rows","06_catalog_and_registry.R","numbered construction / repair step"
"38","42","42_upload_gpl1223.R","Upload the GPL1223 platform table","07_mirror_upload.R","numbered construction / repair step"
"39","90","90_build_gse108474_suppl.R","Build the GSE108474 (REMBRANDT) supplementary cohort","01_ingest_parse.R","numbered construction / repair step"
"40","91","91_complete_gse14520_surv.R","Complete the GSE14520 survival table","01_ingest_parse.R","numbered construction / repair step"
"41","92","92_build_geo_expansion_expr_pheno.R","Build the GEO-expansion expression and phenotype tables","01_ingest_parse.R","numbered construction / repair step"
"42","93","93_build_geo_expansion_bespoke.R","Build the bespoke GEO-expansion cohorts","01_ingest_parse.R","numbered construction / repair step"
"43","94","94_update_catalog_geo_expansion.R","Write the GEO-expansion catalog rows","06_catalog_and_registry.R","numbered construction / repair step"
"44","95","95_build_suppl_expansion.R","Build the supplementary / cBioPortal expression, phenotype and survival tables","04_cohort_builds.R","numbered construction / repair step"
"45","96","96_build_suppl_expansion.R","Repeat that batch after the GPL-map repair","04_cohort_builds.R","numbered construction / repair step"
"46","98","98_update_catalog_suppl_expansion.R","Write the supplementary-expansion catalog rows","06_catalog_and_registry.R","numbered construction / repair step"
"47","99","99_extend_gpl_db.R","Additively extend the GPL24676 mirror table so those cohorts are queryable","07_mirror_upload.R","numbered construction / repair step"
"48","100","100_build_relaxed_gate.R","Build the two 30-40 patient relaxed-gate cohorts","04_cohort_builds.R","numbered construction / repair step"
"49","101","101_update_catalog_relaxed_gate.R","Write the relaxed-gate catalog rows","06_catalog_and_registry.R","numbered construction / repair step"
"50","102","102_extend_gpl4133_agilent_name.R","Extend the GPL4133 Agilent platform name","02_platform_maps.R","numbered construction / repair step"
"51","103","103_build_embl_gpl_maps.R","Build the ArrayExpress / EMBL-EBI platform maps","02_platform_maps.R","numbered construction / repair step"
"52","104","104_build_embl_cohorts.R","Build the EMBL-EBI cohorts","04_cohort_builds.R","numbered construction / repair step"
"53","105","105_update_catalog_embl.R","Write the EMBL-EBI catalog rows","06_catalog_and_registry.R","numbered construction / repair step"
"54","106","106_build_embl_step2.R","Build the EMBL-EBI second-step cohorts","04_cohort_builds.R","numbered construction / repair step"
"55","107","107_register_embl_step2.R","Register the EMBL-EBI second-step catalog rows","06_catalog_and_registry.R","numbered construction / repair step"
"56","110","110_build_gse205209.R","Build the GSE205209 expression and survival tables","03_survival_tables.R","numbered construction / repair step"
"57","111","111_register_gse205209.R","Register the GSE205209 row with its N = 28 / 29-patient note","06_catalog_and_registry.R","numbered construction / repair step"
"58","112","112_upload_gpl27956.R","Upload the GPL27956 platform table","07_mirror_upload.R","numbered construction / repair step"
"59","113","113_sweep_gpl_mirror_divergence.R","Read-only sweep of every catalog-referenced platform table against its local map","08_qc_screen_and_verify.R","numbered construction / repair step"
"60","114","114_build_endpoint_semantics.R","Build the endpoint-semantics companion table: one row per cohort and family with the pooling class","06_catalog_and_registry.R","numbered construction / repair step"
"61","116","116_build_cohort_overlap_suppl.R","Emit the shared-patient overlap register as the shipped companion table","06_catalog_and_registry.R","numbered construction / repair step"
"62","117","117_build_platform_coverage.R","Read-only platform annotation coverage and policy per platform table","08_qc_screen_and_verify.R","numbered construction / repair step"
"63","118","118_update_catalog_hardening_cols.R","Append the admission and convention columns to the catalog and rebuild dataset_info.rda","06_catalog_and_registry.R","numbered construction / repair step"
"64","batch_integrate","batch_integrate.R","Demo: batch integration across cohorts","09_analysis_and_figures.R","helper / demo / validation script"
"65","batch_integrate2","batch_integrate2.R","Demo: second batch-integration pass","09_analysis_and_figures.R","helper / demo / validation script"
"66","demo_meta_lung","demo_meta_lung.R","Demo: lung multi-cohort meta-analysis (the paper's Figure 7)","09_analysis_and_figures.R","helper / demo / validation script"
"67","demo_tcga_integration","demo_tcga_integration.R","Demo: TCGA integration through the unified reader","09_analysis_and_figures.R","helper / demo / validation script"
"68","demo_tcga_ondemand","demo_tcga_ondemand.R","Demo: on-demand TCGA retrieval","09_analysis_and_figures.R","helper / demo / validation script"
"69","demo_unified_reader","demo_unified_reader.R","Demo: the unified merged-data reader","09_analysis_and_figures.R","helper / demo / validation script"
"70","test_cpas_GSE44001","test_cpas_GSE44001.R","Demo / validation: GSE44001 end to end","09_analysis_and_figures.R","helper / demo / validation script"
"71","test_cpas_dataset","test_cpas_dataset.R","Demo / validation: one dataset end to end","09_analysis_and_figures.R","helper / demo / validation script"
"72","validate_cpas","validate_cpas.R","Validation: the package against the curated tables","09_analysis_and_figures.R","helper / demo / validation script"
