"section","item","label","records","location","what_it_is"
"register","exclusion_register","Exclusion register (append-only)",109,"run/CanPAS-tool-paper/final/additional-files/Additional_file_2_excluded_cohorts.csv","every cohort considered and excluded, with the recorded reason; append-only"
"register","cohort_curation_register","Cohort and curation register",43,"run/CanPAS-tool-paper/final/additional-files/Additional_file_3_reproducibility_bundle/COHORT_CURATION_REGISTER_D01-D43.md","43 entries D01-D43: how each cohort was built, with the command or file behind it"
"register","executed_run_register","Executed-run register of the original pass",NA,"run/CanPAS-tool-paper/final/additional-files/Additional_file_3_reproducibility_bundle/EXECUTED_RUN_REGISTER_original_pass.md","the original pass, organised figure by figure, each number's source table"
"register","rebaseline_register","Re-baseline register of this release",NA,"run/CanPAS-tool-paper/final/additional-files/Additional_file_3_reproducibility_bundle/REBASELINE_REGISTER.md","entries R076-R149: what changed in this release, cited by number in the paper"
"repair_record","verified_defects_1.0.0","Verified-defect report fixed in 1.0.0",3,"pipeline/out/REPORT_verified_defects_1.0.0.md","3 defect entries: 2 reported by the user and 1 found while repairing them, each with root cause and post-fix verification"
"repair_record","known_defects_2026_09_07","Known-defect / manual-intervention report",5,"pipeline/backup/af_removed_20260930/Additional_file_2_known_defects.md","5 data sets that need manual intervention, plus the cancer types left without a usable GEO cohort"
"repair_record","tables_writable_repair","Read-only survival-table repair log",10,"run/CanPAS-tool-paper/final/additional-files/Additional_file_3_reproducibility_bundle/REPORT_tables_writable.md","10 of 293 survival tables were read-only; each was rewritten with an unchanged CHECKSUM"
"repair_record","competing_risks_reaudit","Competing-risks standard-error re-audit",6,"run/CanPAS-tool-paper/final/additional-files/Additional_file_3_reproducibility_bundle/REPORT_reaudit_T0.md","independent re-check of the competing-risks subdistribution standard errors"
"frozen_state","frozen_state_100","Frozen source state of CanPAS 1.0.0",NA,"run/CanPAS-tool-paper/final/additional-files/Additional_file_3_reproducibility_bundle/FROZEN_STATE_100.md","the frozen CanPAS 1.0.0 source state the paper's numbers rest on"
"frozen_state","frozen_state_pre_1.0.0","Frozen source state before 1.0.0 (superseded, kept as history)",NA,"run/CanPAS-tool-paper/final/additional-files/Additional_file_3_reproducibility_bundle/FROZEN_STATE.md","the pre-1.0.0 frozen state, superseded by FROZEN_STATE_100.md"
"additional_file","additional_file_1","Additional file 1: per-cohort endpoint resolution",197,"run/CanPAS-tool-paper/final/additional-files/Additional_file_1_per_dataset_endpoint_resolution.csv","197 cohorts x 5 families: the token each cohort reports and how it resolves"
"additional_file","additional_file_2","Additional file 2: the exclusion register",109,"run/CanPAS-tool-paper/final/additional-files/Additional_file_2_excluded_cohorts.csv","the exclusion register, self-contained with its README"
"additional_file","additional_file_3","Additional file 3: the reproducibility bundle",271,"run/CanPAS-tool-paper/final/additional-files/Additional_file_3_reproducibility_bundle/","scripts, recorded seeds, figure source data, the catalog, the registers and the frozen tarball"
"additional_file","additional_files_index","Index of the additional-file set",NA,"run/CanPAS-tool-paper/final/additional-files/Additional_files_INDEX.md","the map of the three additional files"
